<?xml version="1.0" encoding="UTF-8"?>
<project-private xmlns="http://www.netbeans.org/ns/project-private/1">
    <editor-bookmarks xmlns="http://www.netbeans.org/ns/editor-bookmarks/2" lastBookmarkId="0"/>
    <open-files xmlns="http://www.netbeans.org/ns/projectui-open-files/2">
        <group>
            <file>file:/C:/Users/jeiss/Desktop/HUMEDAD_MICROS/12.X/lcd_i2c.c</file>
            <file>file:/C:/Users/jeiss/Desktop/HUMEDAD_MICROS/12.X/i2c.c</file>
            <file>file:/C:/Users/jeiss/Desktop/HUMEDAD_MICROS/12.X/11.c</file>
            <file>file:/C:/Users/jeiss/Desktop/HUMEDAD_MICROS/12.X/lcd_i2c.h</file>
        </group>
    </open-files>
</project-private>
